{
  "basic": {
    "metrics": {
      "exact_match": 21.0,
      "f1": 30.617272407425858,
      "questions_per_second": 0.9889920827301475,
      "total_time": 101.1130440235138,
      "num_examples": 100
    }
  },
  "enhanced": {
    "metrics": {
      "exact_match": 26.0,
      "f1": 32.95935960591133,
      "questions_per_second": 0.9580585973735368,
      "total_time": 104.37774920463562,
      "num_examples": 100
    }
  },
  "diversity": {
    "metrics": {
      "exact_match": 24.0,
      "f1": 34.288034554151494,
      "questions_per_second": 0.6248449955947897,
      "total_time": 160.0396909713745,
      "num_examples": 100
    }
  }
}